ID,OD_X,OD_Y,FOV_X,FOV_Y
34288_left.jpg,653,351,341,298
37493_right.jpg,272,456,581,430
29018_left.jpg,634,498,251,557
16718_right.jpg,667,458,328,489
31363_right.jpg,628,388,293,488
29375_right.jpg,664,429,330,476
36829_right.jpg,793,508,430,529
34999_left.jpg,621,479,300,425
14627_left.jpg,629,475,295,436
1933_left.jpg,798,209,516,135
13261_right.jpg,155,441,475,422
1413_left.jpg,84,369,490,327
39857_right.jpg,291,442,595,435
19976_left.jpg,254,506,454,450
5868_right.jpg,220,472,538,376
25950_right.jpg,269,472,602,434
38722_right.jpg,644,430,286,467
41563_right.jpg,658,433,309,490
22041_right.jpg,674,398,331,460
42897_left.jpg,277,424,610,490
24282_right.jpg,845,479,447,451
37776_right.jpg,630,400,291,473
24656_left.jpg,229,427,619,467
28780_left.jpg,247,430,556,481
34759_right.jpg,673,418,347,476
22617_left.jpg,636,509,305,441
12149_right.jpg,309,389,605,375
17548_left.jpg,105,382,450,454
35017_left.jpg,260,392,604,450
250_right.jpg,746,421,424,459
2453_right.jpg,771,406,453,465
30925_right.jpg,650,411,307,437
33457_right.jpg,618,405,302,469
12480_left.jpg,241,399,578,472
9855_left.jpg,615,466,317,427
38321_left.jpg,67,433,489,399
29172_left.jpg,207,424,558,484
37901_right.jpg,738,424,385,461
42633_right.jpg,601,431,303,483
8854_left.jpg,571,487,292,426
30487_left.jpg,90,365,438,456
14936_left.jpg,271,418,597,470
42624_right.jpg,180,360,521,342
39444_left.jpg,263,461,611,487
28581_left.jpg,209,379,542,446
26616_left.jpg,828,471,463,388
27153_right.jpg,243,476,602,428
24921_right.jpg,791,443,452,469
5341_right.jpg,784,439,444,461
28612_right.jpg,701,467,341,484
12948_right.jpg,237,474,583,432
16386_left.jpg,269,419,610,464
42344_right.jpg,685,405,334,486
26356_right.jpg,614,457,286,468
23356_left.jpg,217,395,557,443
12835_right.jpg,618,452,287,477
29894_right.jpg,785,402,449,454
24373_left.jpg,640,490,302,450
23806_right.jpg,587,418,279,463
229_right.jpg,608,446,280,473
22493_right.jpg,670,402,341,436
20169_right.jpg,682,398,370,435
15450_left.jpg,275,443,604,490
36657_right.jpg,675,398,327,448
26905_right.jpg,615,430,296,463
11847_left.jpg,211,333,547,455
14371_right.jpg,257,449,588,438
20020_right.jpg,759,424,431,457
4531_left.jpg,120,436,432,457
3380_left.jpg,91,405,444,446
21932_right.jpg,775,461,462,475
2106_right.jpg,70,488,425,441
19452_left.jpg,240,435,606,477
25329_left.jpg,212,391,555,458
33164_right.jpg,743,411,448,444
29114_right.jpg,570,419,292,465
42296_left.jpg,81,369,460,425
32822_right.jpg,131,485,441,463
12739_right.jpg,255,470,582,426
7846_right.jpg,647,415,296,457
29238_right.jpg,247,441,585,430
5229_left.jpg,248,437,591,422
4421_left.jpg,229,418,602,455
34701_right.jpg,696,411,360,464
7641_left.jpg,245,432,591,473
13011_left.jpg,68,434,457,416
42813_left.jpg,648,495,301,441
35073_right.jpg,262,451,593,423
5676_left.jpg,197,413,545,468
31593_left.jpg,275,436,592,470
25916_left.jpg,646,525,447,450
25720_left.jpg,584,494,299,430
27003_left.jpg,250,422,611,469
17511_right.jpg,280,474,584,447
34462_right.jpg,885,414,594,436
12117_left.jpg,262,470,590,484
21250_left.jpg,103,410,455,471
2001_left.jpg,628,468,342,441
2272_right.jpg,666,417,344,463
4155_right.jpg,651,463,356,479
12092_left.jpg,270,404,574,459
6259_left.jpg,271,444,605,474
26477_left.jpg,92,372,447,444
28525_left.jpg,196,458,553,471
21594_left.jpg,618,459,311,435
13447_left.jpg,216,406,547,451
11915_left.jpg,248,442,597,470
14172_right.jpg,622,429,282,457
20095_right.jpg,700,409,335,449
22923_left.jpg,132,327,491,318
26737_right.jpg,713,403,395,435
41669_right.jpg,810,443,480,476
3432_left.jpg,138,550,490,586
1752_right.jpg,258,470,590,440
25783_right.jpg,684,420,335,482
34816_left.jpg,638,514,314,444
17403_right.jpg,392,445,18,515
21116_left.jpg,206,420,564,477
35499_left.jpg,800,479,476,416
21954_left.jpg,163,465,492,467
30290_right.jpg,620,427,288,474
29016_left.jpg,645,490,291,443
27461_right.jpg,603,456,334,455
20003_left.jpg,620,475,304,440
13229_right.jpg,666,394,343,455
4530_left.jpg,205,408,570,460
30301_left.jpg,239,423,592,464
24287_right.jpg,242,441,555,449
14614_right.jpg,224,483,595,445
12070_right.jpg,739,427,384,474
13125_left.jpg,621,478,186,448
31938_left.jpg,313,442,627,462
33168_right.jpg,771,381,453,439
22828_right.jpg,641,492,308,480
16808_left.jpg,286,417,592,463
30837_left.jpg,583,531,304,449
19200_left.jpg,611,542,285,431
16818_right.jpg,228,504,604,440
32604_left.jpg,276,434,597,474
13823_right.jpg,676,441,352,466
18834_right.jpg,696,398,349,461
38196_left.jpg,622,484,301,428
4911_right.jpg,247,504,592,437
14980_left.jpg,311,446,624,473
19441_left.jpg,758,477,421,435
33627_right.jpg,256,480,578,443
13175_left.jpg,267,393,591,446
33996_right.jpg,779,419,428,482
28434_left.jpg,227,367,613,463
23923_right.jpg,134,519,464,455
11206_left.jpg,209,392,564,478
13418_left.jpg,629,495,302,419
18451_right.jpg,269,484,598,446
18255_right.jpg,260,463,593,415
30395_right.jpg,647,420,297,489
12480_right.jpg,755,445,423,484
1941_right.jpg,678,417,362,443
12911_left.jpg,625,408,300,369
13665_right.jpg,274,469,591,435
29514_right.jpg,623,444,278,470
12650_left.jpg,611,461,313,440
24703_right.jpg,767,422,453,445
15481_right.jpg,827,411,443,448
27625_right.jpg,602,426,286,477
6968_right.jpg,631,438,271,463
22457_left.jpg,266,422,598,480
31273_left.jpg,608,503,305,437
25741_right.jpg,695,377,350,450
4841_left.jpg,612,485,295,435
6326_left.jpg,252,446,634,450
17373_left.jpg,205,408,584,468
24092_right.jpg,796,376,439,449
18740_right.jpg,800,380,443,446
24688_left.jpg,69,429,403,476
43544_left.jpg,224,394,592,469
20310_right.jpg,780,422,434,467
29057_right.jpg,290,509,601,444
29650_left.jpg,118,406,451,432
20310_left.jpg,78,426,437,465
24104_left.jpg,799,426,495,372
24166_left.jpg,172,532,517,567
29549_right.jpg,776,445,422,459
9712_right.jpg,174,502,509,431
15602_right.jpg,630,409,289,477
24006_left.jpg,209,414,554,484
1140_right.jpg,632,398,280,479
31323_left.jpg,744,598,470,565
25473_left.jpg,604,533,301,426
25567_left.jpg,625,518,303,438
20926_right.jpg,783,425,429,467
30782_right.jpg,629,418,301,458
10232_right.jpg,259,475,593,437
3294_left.jpg,604,461,275,438
3320_left.jpg,652,474,338,449
21430_right.jpg,275,432,593,422
38579_left.jpg,332,394,599,442
10616_right.jpg,620,429,285,473
26905_left.jpg,265,415,582,464
32783_left.jpg,663,498,340,450
24589_right.jpg,276,451,595,432
16412_right.jpg,257,431,597,443
4693_left.jpg,231,465,595,478
30878_right.jpg,803,302,460,363
43950_right.jpg,229,506,571,433
23702_left.jpg,733,493,444,449
27452_left.jpg,281,437,617,445
4552_right.jpg,587,413,296,473
5813_left.jpg,238,385,580,479
24657_right.jpg,108,219,461,239
26556_left.jpg,129,402,445,451
8707_left.jpg,90,375,457,431
5450_left.jpg,241,451,592,459
21796_right.jpg,664,482,294,474
8751_right.jpg,768,482,445,510
21399_right.jpg,263,504,565,437
5800_right.jpg,635,462,304,459
454_right.jpg,264,442,588,428
34831_left.jpg,628,507,259,508
21444_left.jpg,542,472,258,439
13667_right.jpg,262,515,595,438
35393_right.jpg,132,480,453,437
17037_right.jpg,608,413,292,482
18405_right.jpg,821,410,465,423
25087_right.jpg,649,429,279,477
31496_right.jpg,316,450,19,456
35931_right.jpg,233,464,578,448
20784_left.jpg,670,487,409,446
19990_left.jpg,29,391,328,447
33870_right.jpg,671,452,332,461
533_left.jpg,600,480,270,467
21431_left.jpg,609,453,305,421
26627_right.jpg,622,461,304,489
14917_right.jpg,606,441,305,464
33658_right.jpg,583,410,282,468
1369_right.jpg,613,391,310,488
14177_left.jpg,210,447,553,482
31549_left.jpg,217,439,576,467
5034_left.jpg,203,416,591,476
14397_left.jpg,87,379,449,449
24282_left.jpg,91,466,414,498
34143_left.jpg,234,429,584,449
20478_left.jpg,602,483,313,434
4656_right.jpg,274,467,597,438
14961_right.jpg,690,415,332,450
39495_left.jpg,608,475,308,442
14205_left.jpg,605,458,305,429
25482_left.jpg,256,446,592,432
20462_right.jpg,286,467,599,446
24792_right.jpg,769,399,434,461
25708_right.jpg,178,488,493,436
30496_left.jpg,265,432,618,478
26773_left.jpg,597,517,303,434
21704_left.jpg,250,428,578,467
1444_left.jpg,625,476,303,428
7469_right.jpg,678,418,311,444
27677_right.jpg,274,488,595,430
24478_right.jpg,699,407,431,484
24550_left.jpg,623,467,306,418
18432_right.jpg,650,423,288,452
28196_left.jpg,249,456,605,499
18363_right.jpg,788,425,403,466
2800_left.jpg,878,438,523,427
25958_right.jpg,145,473,496,436
19018_right.jpg,610,419,284,467
26862_left.jpg,244,484,573,500
18901_right.jpg,82,509,428,458
23264_right.jpg,653,492,307,543
15886_right.jpg,753,399,429,451
39552_left.jpg,214,348,543,430
25998_left.jpg,602,477,299,428
11736_left.jpg,220,416,579,476
539_right.jpg,632,451,290,454
27153_left.jpg,634,493,305,434
8729_left.jpg,264,409,586,471
658_right.jpg,684,424,361,477
32012_left.jpg,283,452,604,473
18751_left.jpg,230,425,599,465
23347_left.jpg,257,401,596,469
36662_left.jpg,195,415,551,467
214_left.jpg,596,518,278,513
19350_left.jpg,244,442,580,470
33357_left.jpg,612,460,326,450
27264_right.jpg,820,397,452,441
16268_right.jpg,671,456,342,486
13923_left.jpg,248,432,570,442
20550_left.jpg,653,472,310,435
18633_left.jpg,235,412,588,457
27483_left.jpg,260,441,579,476
14703_left.jpg,588,487,264,436
41730_left.jpg,277,436,611,492
21903_left.jpg,625,496,294,451
17873_right.jpg,85,454,410,452
5298_right.jpg,261,483,598,431
3804_right.jpg,814,387,486,447
510_right.jpg,789,452,477,467
29400_right.jpg,285,469,599,423
3199_left.jpg,211,383,559,439
37605_right.jpg,790,408,447,486
3860_left.jpg,232,390,574,431
25738_left.jpg,256,420,564,449
18382_right.jpg,752,381,407,390
32901_right.jpg,633,431,285,476
20189_left.jpg,267,389,594,459
39379_left.jpg,648,461,313,446
21389_right.jpg,270,491,604,435
16038_left.jpg,53,385,455,452
18133_left.jpg,235,415,564,476
22540_left.jpg,240,426,551,456
36127_left.jpg,128,430,449,474
36474_right.jpg,606,443,293,463
29015_left.jpg,591,472,306,435
20624_left.jpg,241,440,614,470
23880_right.jpg,230,469,567,427
25518_left.jpg,303,426,630,491
20119_left.jpg,625,498,330,451
39486_left.jpg,632,503,303,436
25059_right.jpg,648,440,316,434
30919_right.jpg,269,448,587,426
28668_left.jpg,573,461,309,428
35694_left.jpg,209,433,545,459
12823_left.jpg,265,429,566,467
34262_right.jpg,688,427,351,466
25823_left.jpg,227,423,605,467
24281_right.jpg,257,432,591,432
31272_left.jpg,225,394,563,456
2422_left.jpg,259,443,585,491
25697_right.jpg,51,248,319,225
16631_left.jpg,610,492,315,435
12003_right.jpg,572,419,292,480
4531_right.jpg,830,452,495,464
12805_right.jpg,804,375,457,459
7398_left.jpg,243,461,542,500
11649_right.jpg,745,374,426,450
5384_left.jpg,597,476,309,446
35423_right.jpg,147,529,475,471
6464_left.jpg,611,464,297,445
21184_left.jpg,249,416,590,455
5063_right.jpg,620,474,271,498
19165_right.jpg,673,438,328,443
27988_right.jpg,228,467,583,434
26227_right.jpg,791,393,463,439
11535_left.jpg,201,391,567,463
3265_right.jpg,658,420,288,476
32178_left.jpg,230,437,576,433
36566_right.jpg,670,399,335,455
1743_right.jpg,786,439,436,475
17586_left.jpg,686,516,401,454
23120_left.jpg,631,489,313,432
9893_right.jpg,262,473,592,446
12743_right.jpg,633,440,289,473
12615_left.jpg,288,446,596,474
14045_left.jpg,250,420,594,478
26882_left.jpg,212,406,545,470
42448_left.jpg,620,470,333,440
4667_left.jpg,610,489,302,435
38247_left.jpg,278,440,613,480
7861_right.jpg,655,421,335,456
17028_right.jpg,651,424,317,454
39775_left.jpg,610,487,274,406
10468_left.jpg,236,384,570,470
15052_right.jpg,664,447,343,462
1077_right.jpg,688,435,353,484
32006_left.jpg,83,424,432,455
10123_right.jpg,780,400,445,434
18780_right.jpg,651,479,337,468
18235_left.jpg,260,401,573,469
39864_left.jpg,235,429,575,447
16641_right.jpg,638,426,290,453
12924_left.jpg,76,418,453,458
22402_right.jpg,274,458,585,437
25531_right.jpg,806,387,445,446
21019_right.jpg,583,426,276,468
2499_right.jpg,749,487,445,517
32868_right.jpg,824,389,440,450
18919_right.jpg,633,436,336,487
2536_left.jpg,591,472,296,438
26076_left.jpg,277,444,589,469
29872_left.jpg,620,506,309,452
36251_right.jpg,239,472,561,437
43955_right.jpg,597,453,261,505
10159_left.jpg,198,422,575,472
18446_left.jpg,223,427,541,484
6645_right.jpg,253,477,592,426
23453_right.jpg,267,455,597,443
23916_right.jpg,243,450,579,440
19864_right.jpg,189,551,480,506
34802_left.jpg,613,450,305,431
27407_left.jpg,103,420,440,463
32994_left.jpg,610,499,294,442
32630_left.jpg,150,443,492,466
6465_right.jpg,609,427,286,469
18775_right.jpg,237,454,583,430
12722_left.jpg,105,410,447,453
10235_right.jpg,253,470,583,432
20508_left.jpg,88,398,441,460
29936_right.jpg,649,435,307,496
20111_right.jpg,251,445,595,439
43166_left.jpg,256,450,617,435
6598_left.jpg,253,436,588,479
23590_left.jpg,250,432,601,475
4185_left.jpg,650,461,316,441
42516_right.jpg,238,467,578,445
33811_right.jpg,287,476,627,447
30438_right.jpg,603,426,291,466
22255_left.jpg,58,405,404,466
5399_left.jpg,131,417,484,470
11291_left.jpg,612,488,297,441
3725_left.jpg,644,510,301,426
33258_right.jpg,260,460,601,437
7512_right.jpg,258,508,576,439
35499_right.jpg,9,440,366,444
3084_left.jpg,206,436,552,466
31981_right.jpg,634,430,308,467
38595_right.jpg,771,400,433,466
7930_left.jpg,119,357,445,424
18848_left.jpg,54,504,408,559
13975_right.jpg,885,488,443,442
36253_right.jpg,640,395,305,474
31309_right.jpg,702,442,352,479
21637_right.jpg,604,464,446,451
7971_left.jpg,614,498,304,436
30984_left.jpg,154,411,457,427
6644_left.jpg,98,399,445,445
31708_right.jpg,573,374,313,423
25576_left.jpg,277,428,606,475
30004_right.jpg,804,429,491,491
27906_left.jpg,135,417,507,480
31718_left.jpg,278,427,594,466
15031_right.jpg,649,443,282,453
20026_right.jpg,196,476,589,398
29534_right.jpg,171,470,510,420
20945_right.jpg,241,499,580,434
16360_left.jpg,58,417,413,479
43739_left.jpg,208,384,562,441
17044_left.jpg,126,465,468,497
26332_left.jpg,626,465,298,413
28593_right.jpg,272,461,587,441
10671_right.jpg,667,453,310,489
20677_left.jpg,625,481,290,450
22302_right.jpg,262,459,586,438
33388_right.jpg,678,409,336,486
239_left.jpg,276,390,581,458
17634_right.jpg,639,383,327,431
23392_right.jpg,264,451,601,431
16287_right.jpg,224,418,597,432
26481_left.jpg,636,489,298,440
7623_right.jpg,621,452,298,482
29476_right.jpg,701,405,356,465
7329_right.jpg,160,394,500,386
250_left.jpg,122,409,427,460
39646_left.jpg,623,509,309,423
36360_left.jpg,282,440,597,484
26212_right.jpg,148,534,446,474
4374_right.jpg,779,409,440,468
23446_left.jpg,724,504,417,483
30309_right.jpg,706,380,434,459
10326_left.jpg,267,418,598,479
34684_right.jpg,270,462,591,434
11821_left.jpg,601,454,307,437
8264_right.jpg,621,412,290,483
30283_left.jpg,688,517,446,449
9_left.jpg,361,428,712,469
5753_right.jpg,255,462,585,440
35515_right.jpg,619,482,297,482
17711_right.jpg,620,473,279,478
4428_left.jpg,217,422,570,476
34737_left.jpg,115,374,458,439
22749_left.jpg,573,497,279,446
13101_left.jpg,620,520,294,429
42247_left.jpg,119,428,445,463
27374_right.jpg,258,495,584,459
28052_right.jpg,695,447,362,538
18432_left.jpg,223,399,595,476
35273_left.jpg,629,502,318,443
12481_right.jpg,759,425,468,430
1552_left.jpg,247,399,574,458
39145_right.jpg,261,480,613,439
11730_left.jpg,308,375,755,428
42336_right.jpg,266,446,568,442
12514_right.jpg,140,461,458,430
40269_right.jpg,260,483,582,429
19004_right.jpg,649,420,335,468
28369_left.jpg,77,360,450,436
7565_right.jpg,689,427,351,465
38529_right.jpg,694,421,353,467
8856_left.jpg,253,397,593,480
15515_right.jpg,297,451,596,423
27407_right.jpg,788,440,444,471
17934_left.jpg,238,396,599,465
11089_right.jpg,659,451,291,459
9712_left.jpg,635,468,306,429
15914_right.jpg,247,485,594,434
3166_right.jpg,121,477,448,451
11238_right.jpg,729,396,408,456
22154_left.jpg,118,384,443,449
42244_left.jpg,116,438,460,462
14548_right.jpg,259,489,580,424
43998_right.jpg,637,429,289,465
31438_left.jpg,247,434,575,460
31435_left.jpg,733,444,418,437
43831_right.jpg,683,419,341,429
40138_left.jpg,48,446,393,471
13693_right.jpg,262,473,598,436
21278_left.jpg,82,396,454,464
8192_right.jpg,855,460,513,488
27790_right.jpg,158,492,468,496
15930_right.jpg,696,444,333,467
25529_left.jpg,630,475,305,438
6824_right.jpg,681,437,352,474
10109_left.jpg,280,409,595,476
6644_right.jpg,764,412,442,452
7906_left.jpg,238,420,567,468
27099_left.jpg,15,367,253,496
1471_right.jpg,652,376,346,470
10986_right.jpg,677,402,353,481
24802_left.jpg,104,396,441,458
24075_right.jpg,609,454,294,470
20724_left.jpg,218,425,491,453
17580_right.jpg,285,468,596,426
17483_left.jpg,623,485,304,429
13209_left.jpg,598,513,284,418
18575_left.jpg,23,483,386,526
36336_left.jpg,271,428,584,480
20384_left.jpg,650,512,321,448
30495_right.jpg,668,452,294,465
18059_left.jpg,630,504,267,469
34701_left.jpg,228,428,572,464
15868_right.jpg,645,494,322,465
20019_right.jpg,830,463,478,466
26881_right.jpg,796,441,464,483
13704_left.jpg,199,443,522,487
11661_left.jpg,245,403,623,491
6851_right.jpg,254,471,587,429
16774_left.jpg,647,495,313,441
28369_right.jpg,825,275,429,336
12158_left.jpg,240,454,580,469
33346_left.jpg,619,477,300,431
2273_right.jpg,582,447,277,458
6093_right.jpg,250,488,570,436
30414_right.jpg,648,442,317,483
19288_right.jpg,799,422,427,456
7074_left.jpg,255,430,598,467
31938_right.jpg,618,447,309,481
26248_right.jpg,644,450,287,458
2294_right.jpg,648,388,291,462
23318_left.jpg,606,483,220,494
31253_left.jpg,208,449,566,474
16907_right.jpg,178,466,505,447
5835_left.jpg,621,498,293,444
30790_right.jpg,71,485,418,444
26802_left.jpg,269,437,614,409
27959_right.jpg,591,425,281,473
41499_right.jpg,756,450,443,460
30509_right.jpg,627,417,287,483
2260_right.jpg,881,354,545,434
5032_left.jpg,585,468,293,419
25650_left.jpg,267,409,602,482
20909_left.jpg,273,428,595,480
40691_right.jpg,649,430,332,457
25733_left.jpg,175,402,505,471
42059_right.jpg,270,444,590,422
25224_right.jpg,687,459,363,485
35332_right.jpg,712,435,300,475
36211_left.jpg,268,395,591,464
16790_right.jpg,791,395,506,427
41772_right.jpg,617,422,275,466
22027_right.jpg,299,485,588,420
42417_right.jpg,215,523,595,426
24166_right.jpg,696,525,343,577
40232_left.jpg,167,369,565,440
23165_right.jpg,131,524,476,503
21872_right.jpg,253,458,588,444
23621_left.jpg,98,389,428,468
1544_right.jpg,810,425,488,476
11526_right.jpg,266,455,596,427
27301_left.jpg,281,431,614,476
2447_left.jpg,103,413,436,470
22020_right.jpg,253,461,589,433
12929_left.jpg,260,428,598,478
19380_left.jpg,605,494,303,438
31421_right.jpg,853,623,424,882
3604_right.jpg,232,496,562,437
36983_right.jpg,685,417,304,472
10177_left.jpg,622,474,310,448
27028_right.jpg,648,411,304,468
21635_left.jpg,632,481,304,428
18314_left.jpg,718,565,449,450
20244_left.jpg,76,407,457,441
43475_right.jpg,652,435,351,463
19406_left.jpg,653,526,303,422
3004_right.jpg,248,481,579,410
4970_right.jpg,147,538,451,457
9330_right.jpg,266,466,597,429
32445_left.jpg,247,415,598,467
12881_right.jpg,192,690,511,631
2804_left.jpg,655,486,313,439
25851_right.jpg,246,464,598,426
15430_right.jpg,612,437,289,471
10925_right.jpg,656,439,309,483
6088_right.jpg,637,430,284,455
33075_right.jpg,660,412,329,450
5913_left.jpg,258,468,618,482
21283_left.jpg,605,463,295,444
32686_left.jpg,313,441,599,476
13031_right.jpg,695,399,353,442
12872_right.jpg,219,469,548,424
28053_left.jpg,609,475,293,457
36060_right.jpg,139,410,484,383
34161_left.jpg,695,492,434,449
25303_right.jpg,248,481,593,446
5093_right.jpg,619,418,281,468
27525_right.jpg,156,509,474,444
37829_left.jpg,115,410,452,454
37612_right.jpg,681,419,336,469
25185_left.jpg,621,489,314,441
30842_left.jpg,228,423,571,483
18780_left.jpg,229,455,569,477
20760_right.jpg,630,402,412,453
19478_left.jpg,53,425,424,487
32383_right.jpg,614,456,295,481
10091_right.jpg,786,441,441,452
28047_left.jpg,207,429,560,470
28174_right.jpg,277,436,584,426
6765_left.jpg,90,380,457,456
17318_left.jpg,253,379,572,456
38137_right.jpg,692,395,330,449
25071_right.jpg,788,388,435,461
15938_left.jpg,316,449,594,476
14490_right.jpg,131,448,456,403
23606_left.jpg,87,416,445,455
29703_left.jpg,684,363,424,383
34754_right.jpg,296,480,597,426
26728_left.jpg,257,438,616,477
30445_right.jpg,618,420,291,457
4276_left.jpg,354,460,710,480
28593_left.jpg,646,503,328,440
7322_right.jpg,750,529,409,478
11549_right.jpg,757,387,421,433
37383_right.jpg,288,461,594,430
20286_left.jpg,205,409,531,475
14703_right.jpg,310,512,607,420
21513_left.jpg,99,441,438,468
7912_left.jpg,270,396,610,466
369_left.jpg,605,481,314,434
32538_left.jpg,701,503,451,449
32507_right.jpg,684,412,335,486
20175_left.jpg,615,461,312,438
15975_left.jpg,227,425,566,473
27766_right.jpg,243,426,584,433
43851_right.jpg,667,418,345,493
13848_left.jpg,261,398,601,470
6922_right.jpg,214,484,448,455
20292_left.jpg,273,440,591,466
32124_left.jpg,148,397,498,465
5261_left.jpg,105,428,443,457
14572_left.jpg,619,496,306,442
9620_left.jpg,216,464,573,474
32247_right.jpg,619,420,284,474
2802_right.jpg,665,432,336,445
22349_left.jpg,274,436,611,462
24359_right.jpg,617,475,276,466
33066_right.jpg,674,434,278,462
18486_right.jpg,643,436,360,466
41886_left.jpg,609,459,294,437
31397_right.jpg,681,428,333,460
1178_right.jpg,619,410,293,457
22221_right.jpg,693,428,349,477
43638_left.jpg,609,485,294,434
6321_right.jpg,253,454,692,465
12614_left.jpg,89,401,459,461
24349_left.jpg,595,475,308,438
25330_right.jpg,618,426,294,483
33889_right.jpg,638,423,300,473
26672_left.jpg,123,355,437,443
26610_left.jpg,625,481,309,404
20792_left.jpg,204,599,594,574
39775_right.jpg,295,459,574,419
34822_left.jpg,88,432,452,443
29156_left.jpg,117,395,473,435
27588_right.jpg,810,420,461,456
34379_right.jpg,666,433,297,472
18450_left.jpg,645,496,249,376
32493_left.jpg,236,428,587,478
33920_right.jpg,70,677,387,656
13450_left.jpg,648,488,318,455
11254_right.jpg,613,449,296,471
36692_left.jpg,226,427,558,468
11206_right.jpg,689,420,349,466
13522_right.jpg,631,460,275,487
42603_right.jpg,285,451,576,440
25840_left.jpg,187,481,540,505
26806_right.jpg,629,448,295,479
33222_right.jpg,654,453,305,475
15741_right.jpg,785,379,459,422
26982_left.jpg,713,513,381,446
34565_right.jpg,268,483,610,433
20855_left.jpg,118,413,452,446
25751_left.jpg,808,518,465,474
43536_left.jpg,590,503,258,479
27113_left.jpg,614,484,305,431
35699_left.jpg,112,423,497,424
7306_right.jpg,782,436,432,483
3057_right.jpg,776,489,408,516
7755_right.jpg,280,495,589,437
29494_right.jpg,597,437,324,486
12824_right.jpg,256,494,585,436
31108_right.jpg,664,420,332,451
27587_left.jpg,620,514,309,445
27113_right.jpg,253,452,580,421
16350_left.jpg,825,420,491,342
40078_right.jpg,639,438,289,475
22407_left.jpg,568,487,295,432
16458_left.jpg,256,456,596,474
23431_right.jpg,145,416,463,450
24847_left.jpg,213,421,547,461
29220_right.jpg,217,467,584,436
3045_right.jpg,828,468,457,528
29885_left.jpg,623,492,316,440
1986_right.jpg,774,418,429,456
37907_left.jpg,622,503,298,450
3489_right.jpg,643,429,282,473
24402_left.jpg,608,477,298,444
14929_left.jpg,107,494,438,518
32334_right.jpg,286,489,592,420
41451_left.jpg,632,465,310,445
15994_left.jpg,247,453,608,475
38499_right.jpg,279,474,602,453
18082_left.jpg,281,421,610,486
6916_right.jpg,284,524,607,458
14480_left.jpg,619,462,310,438
12005_left.jpg,607,462,294,433
13819_right.jpg,653,399,277,480
36580_left.jpg,245,445,587,465
13207_left.jpg,231,429,604,469
33163_right.jpg,659,366,309,453
30959_right.jpg,261,484,595,434
16280_left.jpg,742,566,447,530
1674_right.jpg,286,425,597,421
39294_left.jpg,717,452,422,448
2249_right.jpg,686,392,342,475
2260_left.jpg,113,393,444,445
7249_left.jpg,274,453,641,490
20785_right.jpg,186,438,506,432
37766_left.jpg,212,385,577,450
15509_right.jpg,655,452,314,476
5142_right.jpg,768,406,438,487
13002_left.jpg,118,458,481,522
15441_left.jpg,595,476,310,431
43992_left.jpg,292,417,598,486
15023_right.jpg,757,419,424,465
29803_left.jpg,655,456,317,430
24299_left.jpg,224,417,559,449
23547_left.jpg,43,421,383,470
29052_left.jpg,599,490,300,440
40742_left.jpg,53,584,385,636
29069_left.jpg,240,381,609,469
29464_left.jpg,230,471,547,479
32952_left.jpg,167,377,477,459
5195_right.jpg,238,514,577,434
24058_left.jpg,597,468,303,444
2034_right.jpg,129,529,431,510
21911_right.jpg,726,452,407,482
17101_right.jpg,639,448,276,506
1532_left.jpg,617,451,302,428
27893_left.jpg,711,441,414,401
25820_right.jpg,601,424,290,466
29740_right.jpg,652,426,288,481
29703_right.jpg,143,314,450,447
4019_left.jpg,244,433,570,471
1008_right.jpg,772,444,433,455
16748_left.jpg,566,433,330,477
16036_left.jpg,264,427,534,426
33751_left.jpg,767,398,437,448
13838_left.jpg,65,419,420,474
33734_right.jpg,264,468,603,434
20326_left.jpg,254,438,618,481
26305_left.jpg,124,377,455,453
2901_right.jpg,233,486,590,447
30755_left.jpg,770,452,450,400
26512_right.jpg,302,482,609,451
1139_left.jpg,716,470,388,438
13169_left.jpg,769,527,423,478
19761_right.jpg,108,417,436,366
35654_right.jpg,117,396,445,359
34759_left.jpg,218,431,556,477
26134_right.jpg,78,537,401,483
43399_left.jpg,653,587,338,545
5651_left.jpg,280,409,608,480
27402_right.jpg,254,474,587,440
10866_right.jpg,641,440,298,459
21850_left.jpg,586,474,303,431
29004_right.jpg,793,449,443,508
16936_right.jpg,242,480,587,442
31682_left.jpg,605,468,317,451
19897_left.jpg,711,479,394,362
2412_right.jpg,620,597,254,506
27114_left.jpg,651,464,358,386
3357_right.jpg,278,483,615,442
27867_right.jpg,353,464,687,412
12344_left.jpg,768,524,455,498
10579_left.jpg,742,534,451,478
20361_left.jpg,246,418,558,446
41714_right.jpg,705,419,336,486
31979_right.jpg,98,467,437,442
35185_right.jpg,242,466,604,434
26134_left.jpg,646,480,322,444
34742_right.jpg,244,483,586,442
9301_left.jpg,211,383,565,437
23880_left.jpg,609,483,286,446
21315_left.jpg,628,465,305,439
14360_right.jpg,659,402,348,474
28904_left.jpg,276,415,587,455
18508_right.jpg,94,521,456,480
20627_left.jpg,250,464,592,475
30984_right.jpg,815,363,456,428
21233_left.jpg,245,488,565,476
23104_right.jpg,780,398,452,478
9990_right.jpg,681,430,344,445
14891_left.jpg,646,505,328,449
22749_right.jpg,275,465,603,439
34453_right.jpg,617,413,313,474
32610_left.jpg,619,489,305,444
14159_right.jpg,295,512,605,463
11535_right.jpg,724,436,349,476
25070_right.jpg,242,478,602,441
23454_left.jpg,259,447,601,481
38296_left.jpg,184,430,539,480
43789_left.jpg,249,394,585,473
29658_left.jpg,127,381,460,444
31693_left.jpg,611,511,291,450
23019_right.jpg,622,422,304,484
11031_right.jpg,834,428,476,481
41403_left.jpg,375,435,693,496
26564_right.jpg,261,470,605,438
18351_left.jpg,218,390,558,453
31281_right.jpg,634,466,294,508
21864_right.jpg,701,462,350,465
13466_right.jpg,798,432,443,457
2294_left.jpg,216,432,591,461
1853_right.jpg,822,392,459,460
39837_right.jpg,613,423,297,469
2233_right.jpg,297,449,588,431
2094_right.jpg,604,424,292,477
24550_right.jpg,254,500,590,437
34918_right.jpg,683,423,353,475
12331_right.jpg,690,365,337,440
3804_left.jpg,266,396,614,446
29854_right.jpg,778,424,439,445
6591_right.jpg,288,464,587,442
28129_right.jpg,667,432,349,479
22595_left.jpg,736,442,425,423
29797_right.jpg,260,455,591,425
16759_right.jpg,682,393,332,450
39168_right.jpg,794,415,433,462
36181_right.jpg,767,416,413,451
19347_left.jpg,303,537,486,498
19925_left.jpg,253,396,594,445
18362_right.jpg,640,366,302,480
24611_right.jpg,279,451,595,435
10047_right.jpg,269,486,591,411
22269_left.jpg,251,398,573,450
37185_left.jpg,248,433,594,460
15639_left.jpg,714,433,362,407
40405_right.jpg,620,427,301,468
18172_left.jpg,252,411,582,450
31237_right.jpg,178,434,521,470
18143_left.jpg,227,440,564,429
13931_left.jpg,632,501,306,444
13871_right.jpg,809,385,448,455
34898_right.jpg,265,444,581,432
15793_left.jpg,279,456,596,455
10319_left.jpg,651,475,450,444
13605_right.jpg,880,534,576,605
11772_left.jpg,625,487,309,452
28631_right.jpg,146,500,464,454
8848_left.jpg,230,427,548,456
43681_right.jpg,625,455,278,470
34261_right.jpg,619,417,288,462
29484_right.jpg,143,505,440,461
23445_right.jpg,256,428,590,431
5795_right.jpg,732,428,428,501
3220_right.jpg,269,501,603,446
1043_left.jpg,244,396,604,465
11823_right.jpg,609,443,309,459
30265_right.jpg,244,463,599,425
14651_right.jpg,237,504,592,424
22693_right.jpg,131,547,454,457
12899_left.jpg,152,422,506,482
11189_right.jpg,248,472,590,429
14964_right.jpg,261,451,591,439
1030_right.jpg,636,412,300,454
32339_right.jpg,371,498,720,483
10574_left.jpg,257,414,584,448
9664_left.jpg,611,504,298,457
16445_left.jpg,251,434,598,475
11962_right.jpg,267,466,611,441
36090_right.jpg,114,455,448,405
18873_right.jpg,690,403,330,443
16046_left.jpg,264,396,620,465
30949_right.jpg,191,474,499,426
2767_left.jpg,591,247,289,136
14376_left.jpg,92,454,447,436
23856_right.jpg,677,440,353,465
16661_left.jpg,54,436,394,478
20970_left.jpg,611,481,289,451
17055_left.jpg,613,456,318,418
31948_right.jpg,280,457,575,433
21888_right.jpg,718,372,324,442
39756_right.jpg,681,415,367,465
5652_left.jpg,603,489,306,427
1815_left.jpg,670,285,295,306
36305_right.jpg,253,464,582,439
26392_left.jpg,263,417,576,453
22450_right.jpg,778,447,456,466
43339_left.jpg,628,455,314,372
40767_right.jpg,618,392,344,448
20370_left.jpg,253,446,592,474
1376_right.jpg,783,504,452,555
32535_left.jpg,181,372,565,455
564_right.jpg,633,442,297,474
12139_right.jpg,610,427,345,433
837_right.jpg,618,426,289,476
22778_right.jpg,19,422,263,433
21838_right.jpg,23,493,308,432
31833_right.jpg,217,491,584,433
35098_left.jpg,705,496,446,456
27545_right.jpg,699,334,365,438
25352_right.jpg,798,492,411,540
27050_right.jpg,236,446,579,435
383_left.jpg,621,487,301,450
17004_left.jpg,260,480,591,486
12481_left.jpg,272,416,596,469
19338_left.jpg,612,432,283,476
13706_left.jpg,264,443,594,480
17840_right.jpg,836,442,483,465
32454_right.jpg,282,445,587,520
25329_right.jpg,685,405,348,465
27148_left.jpg,249,439,610,485
27130_right.jpg,262,489,580,449
25562_right.jpg,232,487,598,434
31421_left.jpg,159,521,419,560
27376_left.jpg,646,510,310,448
25567_right.jpg,251,485,601,451
21446_left.jpg,196,403,574,460
32383_left.jpg,266,422,591,477
36423_right.jpg,227,494,594,442
25220_left.jpg,741,483,440,451
29742_right.jpg,631,446,292,486
10551_left.jpg,227,363,565,463
25758_right.jpg,642,433,296,482
10634_right.jpg,133,567,453,530
8678_left.jpg,668,521,316,443
15185_right.jpg,287,455,607,433
10253_right.jpg,874,420,577,493
2913_left.jpg,275,438,607,485
973_left.jpg,176,458,539,479
24343_right.jpg,673,400,341,476
17476_left.jpg,780,364,442,315
25576_right.jpg,634,412,291,459
20360_left.jpg,612,481,305,430
18502_right.jpg,53,461,354,448
23509_left.jpg,632,503,302,436
28412_right.jpg,596,424,284,458
26766_left.jpg,618,507,279,439
11729_left.jpg,683,402,445,451
3784_left.jpg,709,492,407,448
14269_right.jpg,271,446,589,439
28772_left.jpg,240,402,575,502
43821_left.jpg,466,391,773,449
30439_right.jpg,77,451,411,429
18460_right.jpg,262,471,601,433
14367_left.jpg,235,408,596,486
41780_right.jpg,73,463,435,451
22334_left.jpg,676,533,327,440
14927_right.jpg,692,402,324,442
6088_left.jpg,254,386,586,451
5760_right.jpg,268,467,597,441
21043_right.jpg,776,435,402,472
15139_right.jpg,629,429,289,473
35498_right.jpg,821,416,424,456
99_right.jpg,779,356,444,446
24949_left.jpg,194,425,555,453
34346_right.jpg,710,435,359,484
13768_right.jpg,264,446,595,419
35955_left.jpg,156,407,458,463
17261_right.jpg,285,477,591,448
41336_left.jpg,621,470,304,442
35012_right.jpg,254,460,581,435
11915_right.jpg,624,414,272,474
14515_left.jpg,70,394,427,465
29810_right.jpg,267,475,591,428
10128_right.jpg,640,427,300,499
11387_left.jpg,286,417,614,479
240_right.jpg,663,439,359,466
14228_left.jpg,664,525,395,475
15684_right.jpg,672,422,356,467
12831_right.jpg,697,401,366,453
14809_left.jpg,598,481,300,440
19612_right.jpg,644,414,278,460
24875_right.jpg,594,439,285,475
2992_left.jpg,225,442,576,448
18570_left.jpg,256,403,561,473
12875_left.jpg,105,412,438,466
8446_left.jpg,785,427,453,453
43653_right.jpg,808,423,414,411
1920_left.jpg,604,514,314,446
26198_left.jpg,70,424,432,472
31461_left.jpg,641,518,330,451
21469_left.jpg,702,638,382,558
23289_right.jpg,243,482,602,450
26248_left.jpg,227,392,603,471
14205_right.jpg,258,443,584,429
19770_left.jpg,193,413,532,458
17396_left.jpg,103,376,438,435
24649_right.jpg,261,469,579,433
1159_left.jpg,105,388,433,465
33236_right.jpg,622,489,276,483
14170_right.jpg,628,419,291,464
10666_left.jpg,252,426,610,461
42207_left.jpg,196,434,583,473
22903_right.jpg,232,474,595,437
31958_left.jpg,628,472,311,463
21809_right.jpg,235,580,430,575
32221_left.jpg,138,427,476,475
20469_left.jpg,704,433,407,408
11983_left.jpg,629,494,305,432
25584_right.jpg,675,420,361,462
22392_left.jpg,271,461,594,507
17827_left.jpg,634,462,312,445
34168_left.jpg,103,412,435,460
11650_right.jpg,769,194,422,234
25463_left.jpg,157,457,456,489
10234_left.jpg,107,365,441,436
20269_right.jpg,230,133,595,145
26737_left.jpg,207,346,544,453
16832_right.jpg,624,479,301,492
13345_left.jpg,662,462,328,436
17843_left.jpg,695,485,382,441
17583_left.jpg,94,323,448,373
13652_right.jpg,614,438,278,480
35161_left.jpg,638,482,294,446
33323_left.jpg,625,464,276,473
9717_right.jpg,531,436,197,487
28368_left.jpg,71,400,447,437
30192_right.jpg,768,462,441,480
17338_left.jpg,583,515,307,451
40715_right.jpg,682,445,341,470
42580_left.jpg,255,432,609,459
26967_left.jpg,264,413,619,469
18678_right.jpg,279,456,581,442
9395_right.jpg,809,280,445,451
16585_left.jpg,245,435,593,452
19595_left.jpg,105,389,453,468
37875_right.jpg,46,450,382,412
14664_right.jpg,801,412,451,452
30362_left.jpg,55,399,400,444
3079_right.jpg,259,456,581,434
34543_left.jpg,582,520,278,487
33152_right.jpg,843,435,506,467
30296_left.jpg,213,435,557,473
24999_right.jpg,62,489,405,460
16287_left.jpg,628,471,291,442
80_right.jpg,222,476,570,448
12545_left.jpg,123,369,444,458
22039_right.jpg,642,439,286,469
40076_left.jpg,147,439,473,456
23203_left.jpg,94,430,433,478
17604_left.jpg,637,492,306,443
21975_right.jpg,269,469,593,448
22384_right.jpg,619,424,292,464
40108_right.jpg,277,488,609,425
21164_left.jpg,121,454,438,410
27304_left.jpg,264,387,499,438
10454_left.jpg,546,425,863,433
39290_left.jpg,228,458,550,476
17220_left.jpg,232,414,559,479
31327_right.jpg,760,343,439,458
17135_right.jpg,806,419,450,457
15518_right.jpg,655,436,281,459
1657_left.jpg,246,405,554,457
12306_right.jpg,624,422,259,483
43552_right.jpg,623,412,285,465
4883_right.jpg,607,382,287,479
41415_right.jpg,246,484,596,457
23540_right.jpg,252,457,583,419
20311_left.jpg,638,507,322,449
39294_right.jpg,157,507,460,516
41253_left.jpg,675,501,325,449
13585_right.jpg,637,477,309,471
10244_left.jpg,300,397,658,493
35639_right.jpg,125,555,436,564
14312_right.jpg,773,428,443,451
19553_left.jpg,759,555,449,507
12311_left.jpg,163,412,461,466
12172_left.jpg,83,418,419,460
41868_left.jpg,609,451,319,444
36729_left.jpg,106,440,431,462
28001_right.jpg,806,413,471,450
27379_left.jpg,281,396,570,452
18438_right.jpg,637,397,290,483
8056_right.jpg,201,473,508,432
22424_left.jpg,616,484,309,498
20328_left.jpg,641,501,323,449
13684_left.jpg,250,441,572,475
21379_right.jpg,634,389,279,479
11858_right.jpg,799,395,451,460
26328_right.jpg,667,422,339,483
4396_left.jpg,745,462,413,446
11249_right.jpg,251,436,604,451
28257_left.jpg,122,468,450,494
31746_right.jpg,620,427,271,484
24304_right.jpg,668,384,356,468
19441_right.jpg,245,440,594,441
25450_right.jpg,268,491,592,432
5140_left.jpg,271,483,601,492
3563_left.jpg,694,403,403,366
30717_right.jpg,270,450,573,439
19986_right.jpg,663,415,335,458
508_right.jpg,245,515,620,459
40188_right.jpg,261,455,603,445
26944_right.jpg,244,497,591,431
4967_left.jpg,131,386,470,448
18163_left.jpg,96,395,442,454
24449_right.jpg,232,477,545,448
32870_left.jpg,230,402,557,466
23605_right.jpg,687,483,375,537
22726_right.jpg,813,283,479,315
20351_left.jpg,214,438,585,433
10572_left.jpg,27,485,368,412
10457_left.jpg,298,402,593,473
16408_right.jpg,253,502,578,437
36347_right.jpg,714,445,356,469
534_left.jpg,230,447,609,494
10202_left.jpg,176,365,480,479
1145_right.jpg,265,490,596,440
36283_right.jpg,788,395,436,473
19114_left.jpg,618,501,292,452
29450_left.jpg,579,455,287,431
1632_right.jpg,625,445,304,480
19192_right.jpg,74,543,428,470
26919_right.jpg,256,505,604,454
25419_right.jpg,247,495,593,443
32092_left.jpg,579,493,289,446
3563_right.jpg,119,468,392,427
25116_right.jpg,821,393,415,452
30889_left.jpg,643,491,316,456
25600_right.jpg,620,436,309,486
23718_left.jpg,96,449,456,448
13768_left.jpg,622,478,315,441
28230_left.jpg,614,486,311,448
14480_right.jpg,94,416,428,366
6564_right.jpg,629,432,298,480
1663_right.jpg,652,450,289,470
18603_left.jpg,610,451,312,441
15064_right.jpg,235,478,575,444
29490_right.jpg,680,395,336,444
22550_right.jpg,690,425,339,469
2205_right.jpg,800,389,449,458
14110_right.jpg,267,471,574,434
44251_left.jpg,209,421,576,475
36621_left.jpg,647,496,292,435
11529_right.jpg,263,541,599,426
16925_left.jpg,758,549,450,448
2047_right.jpg,652,406,295,479
21833_left.jpg,599,477,322,425
18575_right.jpg,658,450,286,493
11850_left.jpg,194,385,566,464
32978_left.jpg,123,231,470,235
26168_right.jpg,651,437,287,486
11859_left.jpg,590,487,306,434
23915_right.jpg,710,431,352,480
28947_left.jpg,100,395,445,463
3307_left.jpg,224,500,530,574
23394_left.jpg,618,482,266,445
27624_right.jpg,605,462,295,456
16726_left.jpg,219,457,537,474
17817_right.jpg,624,446,283,473
3096_left.jpg,265,443,622,481
3308_left.jpg,261,468,556,493
31163_right.jpg,606,411,289,483
29494_left.jpg,319,438,606,489
11865_left.jpg,646,496,310,465
22329_right.jpg,254,489,604,438
26512_left.jpg,601,448,304,440
945_right.jpg,266,483,594,427
12036_right.jpg,632,476,270,453
23559_left.jpg,187,337,524,443
32148_left.jpg,639,494,293,434
17744_left.jpg,616,448,298,438
2945_right.jpg,258,354,596,358
26427_left.jpg,611,486,305,444
34104_right.jpg,643,404,289,479
25458_right.jpg,254,497,610,452
25939_right.jpg,251,509,609,449
28446_right.jpg,623,425,292,477
36445_right.jpg,761,397,434,457
26313_left.jpg,288,445,599,479
31309_left.jpg,216,449,553,479
31301_right.jpg,639,398,293,467
29865_left.jpg,64,426,446,454
6502_right.jpg,248,479,597,436
40696_right.jpg,241,470,581,446
6217_left.jpg,620,510,328,506
23306_right.jpg,278,482,583,445
43864_right.jpg,282,463,611,445
5111_left.jpg,668,552,350,503
28469_left.jpg,241,442,579,475
37848_right.jpg,259,478,556,468
17850_left.jpg,222,444,518,466
5396_left.jpg,181,455,560,460
10105_right.jpg,792,392,433,443
22193_right.jpg,617,432,270,445
29314_left.jpg,243,443,562,443
39920_left.jpg,671,513,433,453
22271_right.jpg,803,386,461,474
6397_right.jpg,699,430,333,469
22981_left.jpg,90,407,438,457
21536_left.jpg,254,453,621,483
35032_left.jpg,289,441,604,476
25203_left.jpg,234,357,569,442
29058_left.jpg,242,437,595,462
16602_right.jpg,587,357,266,451
37117_left.jpg,292,382,699,422
37003_right.jpg,630,420,279,449
13279_right.jpg,241,490,469,467
18307_right.jpg,683,439,388,474
29730_right.jpg,242,484,574,431
5950_left.jpg,676,484,314,434
22269_right.jpg,636,417,312,442
36579_right.jpg,825,454,445,460
4604_right.jpg,792,404,443,451
36990_right.jpg,252,460,593,444
12810_right.jpg,250,439,594,421
28743_right.jpg,779,419,449,464
19347_right.jpg,606,458,281,465
11730_right.jpg,607,388,172,452
30313_left.jpg,637,513,313,457
7014_right.jpg,640,416,317,462
12316_left.jpg,273,400,585,462
11858_left.jpg,99,397,444,457
10592_right.jpg,266,417,597,435
12942_right.jpg,721,773,378,877
5657_right.jpg,600,433,300,455
40657_left.jpg,660,386,381,433
1296_right.jpg,820,412,453,456
32801_left.jpg,196,400,560,435
13418_right.jpg,235,471,584,427
3353_left.jpg,103,399,466,459
11995_right.jpg,869,464,509,475
33839_left.jpg,98,423,415,472
31533_right.jpg,618,453,281,482
4567_right.jpg,643,429,310,473
31962_right.jpg,634,442,324,490
10037_left.jpg,208,380,572,454
22300_right.jpg,822,431,449,470
29656_left.jpg,248,437,566,472
34863_left.jpg,280,437,609,466
24075_left.jpg,255,457,594,474
11163_right.jpg,672,397,329,440
25138_left.jpg,98,437,444,454
30925_left.jpg,248,411,641,413
35124_right.jpg,689,401,347,473
15557_right.jpg,264,468,580,440
15631_right.jpg,623,421,282,438
3431_right.jpg,803,452,490,483
26997_right.jpg,680,390,366,438
11844_right.jpg,293,465,596,427
11245_right.jpg,688,425,353,472
28978_right.jpg,289,467,590,428
3523_left.jpg,619,486,325,462
31055_left.jpg,621,464,298,427
18901_left.jpg,728,496,440,460
23691_left.jpg,609,450,303,431
870_right.jpg,645,475,284,469
12734_left.jpg,280,429,588,453
25277_left.jpg,604,504,313,421
21757_right.jpg,635,443,308,489
33580_left.jpg,464,438,807,471
5149_right.jpg,264,478,603,442
3446_left.jpg,259,448,604,472
18420_right.jpg,780,443,444,469
21994_right.jpg,272,503,643,539
5660_left.jpg,223,372,604,469
1674_left.jpg,598,517,298,438
25404_left.jpg,99,326,442,358
18316_left.jpg,233,445,584,471
7394_right.jpg,603,455,284,475
17160_left.jpg,671,345,380,125
5657_left.jpg,245,404,540,465
32815_right.jpg,800,480,439,466
11042_left.jpg,238,441,604,459
31635_left.jpg,751,441,423,403
26483_right.jpg,669,464,349,471
29899_left.jpg,229,438,573,481
28975_right.jpg,637,400,295,468
2992_right.jpg,634,430,279,505
44077_right.jpg,645,426,277,474
23480_right.jpg,281,512,599,432
11815_right.jpg,255,494,596,443
3868_left.jpg,258,434,612,466
29628_left.jpg,608,472,305,439
8729_right.jpg,650,462,318,480
19395_right.jpg,636,443,337,462
19193_right.jpg,642,424,289,482
4252_right.jpg,152,475,448,450
21866_right.jpg,649,427,307,496
31940_right.jpg,274,472,589,444
23943_right.jpg,700,433,349,477
7317_left.jpg,277,379,555,438
7623_left.jpg,274,417,609,485
38512_left.jpg,263,414,580,473
30378_right.jpg,828,368,451,445
22539_left.jpg,259,463,593,482
1496_right.jpg,809,393,475,462
18466_left.jpg,639,491,299,433
7695_right.jpg,704,437,345,480
306_left.jpg,663,493,314,426
19306_right.jpg,293,454,615,432
42846_left.jpg,769,484,419,439
6465_left.jpg,254,423,599,461
172_left.jpg,191,444,460,443
21285_left.jpg,218,478,539,487
23642_right.jpg,690,429,352,479
33158_right.jpg,641,420,294,477
32015_left.jpg,748,500,429,450
28668_right.jpg,306,438,593,420
20164_right.jpg,279,478,597,451
14227_left.jpg,223,434,571,499
317_left.jpg,265,441,601,457
11292_right.jpg,666,438,345,474
39859_left.jpg,194,470,573,472
37981_right.jpg,264,478,600,427
21973_right.jpg,658,437,354,473
17894_right.jpg,261,512,594,433
31902_right.jpg,265,475,591,445
2407_left.jpg,255,435,646,489
3637_right.jpg,299,486,571,444
12993_right.jpg,260,481,603,443
16612_right.jpg,261,516,593,444
23507_right.jpg,675,469,337,494
23411_right.jpg,279,452,614,437
20264_left.jpg,261,432,594,469
30798_right.jpg,264,476,589,427
25867_left.jpg,320,435,641,475
6061_left.jpg,595,469,291,426
10192_left.jpg,611,484,303,444
21337_right.jpg,763,412,420,445
7060_right.jpg,658,445,329,499
1301_right.jpg,257,467,590,439
15616_right.jpg,739,465,364,513
13808_right.jpg,639,395,302,480
36175_right.jpg,107,454,445,436
19395_left.jpg,246,444,560,465
24681_right.jpg,272,496,593,448
31205_right.jpg,642,443,316,466
30290_left.jpg,263,403,596,473
27630_left.jpg,130,487,470,506
22390_right.jpg,282,462,584,433
26051_right.jpg,593,420,292,467
24780_left.jpg,55,330,464,433
10988_right.jpg,251,443,602,433
1987_right.jpg,87,498,429,439
10219_left.jpg,237,436,570,471
14668_right.jpg,672,434,283,460
5445_left.jpg,243,439,598,483
24259_left.jpg,253,448,603,480
20285_right.jpg,132,458,462,411
2126_left.jpg,603,467,298,441
22293_left.jpg,437,112,793,194
33168_left.jpg,196,398,554,445
5043_right.jpg,135,400,407,333
19293_left.jpg,33,420,386,416
3113_left.jpg,273,398,588,465
14510_left.jpg,698,573,378,510
20671_left.jpg,606,458,311,434
7531_right.jpg,700,442,352,476
19075_left.jpg,620,498,308,444
6392_left.jpg,611,509,300,440
16726_right.jpg,657,456,362,471
19421_right.jpg,246,475,587,427
1919_right.jpg,623,417,302,484
21565_left.jpg,628,452,321,439
40588_left.jpg,634,505,340,459
27168_right.jpg,805,375,437,440
11689_right.jpg,782,492,422,511
15708_left.jpg,127,422,452,464
35828_left.jpg,240,412,563,481
35611_right.jpg,625,454,308,494
18656_right.jpg,254,457,595,444
33208_right.jpg,669,463,357,483
17647_left.jpg,628,489,313,437
12325_right.jpg,288,474,591,443
26615_right.jpg,634,445,297,476
24780_right.jpg,839,390,441,431
6874_left.jpg,71,415,453,452
1309_left.jpg,202,379,574,434
24625_left.jpg,113,374,465,447
31208_left.jpg,770,576,446,521
4522_left.jpg,609,476,327,411
31273_right.jpg,270,452,590,441
29618_left.jpg,232,419,587,488
25461_right.jpg,797,385,448,448
17892_left.jpg,615,521,302,450
12130_left.jpg,610,475,300,441
37945_right.jpg,229,498,573,455
19099_right.jpg,624,455,282,465
15695_right.jpg,667,384,346,472
26294_right.jpg,286,457,587,433
20402_left.jpg,222,383,552,435
18770_right.jpg,267,495,603,426
23668_left.jpg,183,391,538,479
1396_right.jpg,609,489,311,484
22587_right.jpg,629,421,297,487
27889_right.jpg,99,520,421,436
10397_right.jpg,595,385,301,465
31019_left.jpg,236,408,558,475
9594_left.jpg,629,496,313,426
37212_left.jpg,615,472,291,447
38198_left.jpg,248,417,573,453
38545_left.jpg,275,422,629,494
14684_right.jpg,705,394,340,453
14894_right.jpg,175,471,480,428
23177_right.jpg,274,459,631,431
31671_left.jpg,643,511,310,465
40015_left.jpg,638,505,340,440
9944_left.jpg,196,490,561,502
23391_left.jpg,289,384,622,466
32307_right.jpg,769,457,431,480
28582_left.jpg,219,427,592,478
13591_right.jpg,235,500,602,434
2016_right.jpg,816,398,481,471
26919_left.jpg,646,477,318,447
34934_left.jpg,206,434,579,472
22218_left.jpg,186,450,565,482
24400_right.jpg,278,492,594,438
10221_right.jpg,245,475,584,461
29880_left.jpg,225,427,598,465
29506_left.jpg,749,391,417,325
13239_left.jpg,638,442,296,426
18303_right.jpg,628,428,287,480
42122_left.jpg,254,425,620,472
26366_right.jpg,666,458,340,475
20175_right.jpg,275,457,613,439
1495_left.jpg,106,415,425,476
33018_left.jpg,134,405,446,441
78_left.jpg,284,409,599,477
18105_left.jpg,226,368,564,387
22586_left.jpg,205,422,571,474
10788_right.jpg,99,532,430,478
32339_left.jpg,510,496,183,460
35057_left.jpg,238,427,601,469
11697_right.jpg,624,401,287,467
19071_left.jpg,273,434,606,465
12299_left.jpg,611,502,301,434
20662_right.jpg,791,422,462,447
18233_right.jpg,278,464,592,433
25449_right.jpg,207,496,583,441
2527_left.jpg,576,511,301,446
9876_right.jpg,228,473,595,430
29857_left.jpg,231,414,577,466
43169_right.jpg,255,448,595,417
28976_right.jpg,554,378,299,410
26841_right.jpg,619,411,308,481
29873_left.jpg,239,439,590,475
24491_right.jpg,87,212,268,237
27727_left.jpg,638,493,309,445
43280_right.jpg,228,436,586,439
2457_left.jpg,195,384,480,436
13267_left.jpg,270,430,584,462
28393_right.jpg,642,434,293,469
8379_right.jpg,117,509,451,450
28919_left.jpg,248,442,589,459
15112_right.jpg,649,382,285,472
13495_left.jpg,613,505,305,429
30396_right.jpg,247,483,582,422
23538_left.jpg,225,388,554,451
22712_right.jpg,273,466,585,432
28995_left.jpg,632,478,301,432
13186_right.jpg,806,429,497,464
17409_left.jpg,210,415,562,468
14125_right.jpg,755,466,455,509
30556_right.jpg,647,404,306,476
23692_right.jpg,626,459,319,487
11005_left.jpg,229,383,562,438
26078_left.jpg,80,268,433,282
32202_right.jpg,230,455,603,428
12773_left.jpg,189,477,570,480
3166_left.jpg,689,460,364,430
2044_left.jpg,254,392,583,461
14245_left.jpg,238,410,583,462
23148_left.jpg,274,375,594,475
39756_left.jpg,222,470,571,466
21866_left.jpg,281,454,628,473
16732_left.jpg,370,425,717,481
6339_left.jpg,180,399,576,459
6860_right.jpg,12,475,201,778
20236_right.jpg,269,465,590,434
15638_left.jpg,109,395,452,446
35502_right.jpg,632,393,293,462
12699_right.jpg,786,478,439,510
41201_right.jpg,564,467,277,456
15093_right.jpg,601,443,184,459
4547_left.jpg,210,558,577,616
24913_left.jpg,265,429,590,471
21664_left.jpg,860,403,575,319
283_right.jpg,276,487,614,465
13267_right.jpg,599,415,296,471
18017_right.jpg,296,471,623,383
9690_right.jpg,265,502,571,425
26427_right.jpg,218,525,563,478
2732_right.jpg,888,413,643,219
28721_left.jpg,613,423,327,416
16042_right.jpg,268,456,598,435
1420_right.jpg,305,481,607,456
26072_left.jpg,618,517,292,437
24076_left.jpg,632,519,303,453
40647_right.jpg,220,447,587,432
21768_left.jpg,636,502,316,432
27573_right.jpg,258,490,578,458
37089_left.jpg,650,489,300,437
11425_right.jpg,680,377,336,459
33775_left.jpg,83,418,448,451
33794_left.jpg,255,419,592,469
7835_right.jpg,249,499,568,442
26857_left.jpg,636,476,320,443
31752_left.jpg,227,411,577,472
10726_right.jpg,122,506,447,451
7349_left.jpg,182,444,560,476
20505_right.jpg,846,396,506,429
15696_right.jpg,817,427,441,487
21793_left.jpg,609,446,294,438
17089_left.jpg,751,372,447,321
12931_right.jpg,228,445,664,443
11098_left.jpg,616,513,280,438
16666_left.jpg,210,423,583,468
27624_left.jpg,281,417,561,467
27087_left.jpg,628,465,313,439
41020_left.jpg,244,457,582,494
3026_right.jpg,630,434,288,473
7384_right.jpg,660,410,291,470
14466_right.jpg,255,473,601,439
1277_left.jpg,578,505,308,446
31450_left.jpg,128,392,456,454
8670_right.jpg,260,456,605,428
26315_left.jpg,125,444,457,448
15835_right.jpg,808,388,473,453
24235_right.jpg,676,430,355,467
21919_right.jpg,244,457,602,445
8404_right.jpg,595,416,294,472
31805_right.jpg,259,453,604,429
9503_left.jpg,241,439,564,474
27087_right.jpg,264,484,588,433
41506_right.jpg,509,438,208,476
37773_right.jpg,830,459,462,469
3425_right.jpg,673,463,342,499
11770_left.jpg,604,504,307,423
3476_right.jpg,288,483,611,435
16757_right.jpg,629,444,310,471
39942_left.jpg,268,423,587,456
11790_right.jpg,127,376,430,343
30353_right.jpg,678,422,331,468
32987_left.jpg,629,501,312,442
6433_right.jpg,17,418,304,388
21540_left.jpg,275,438,626,468
27260_left.jpg,476,405,824,463
29616_left.jpg,35,434,457,445
26857_right.jpg,238,468,608,441
11243_right.jpg,273,434,591,419
41927_left.jpg,231,455,577,477
14309_right.jpg,594,417,269,465
25165_right.jpg,85,262,233,292
2962_left.jpg,623,460,310,434
19680_left.jpg,593,484,320,439
18095_right.jpg,259,454,596,433
26308_right.jpg,275,465,593,434
30367_right.jpg,633,433,291,486
26817_right.jpg,674,411,341,459
22228_left.jpg,194,434,540,491
24743_right.jpg,681,432,344,465
21878_left.jpg,612,465,304,456
7349_right.jpg,731,460,334,472
29883_right.jpg,632,438,289,465
3648_right.jpg,729,422,344,477
21454_left.jpg,663,516,354,474
32000_left.jpg,665,494,322,449
27800_right.jpg,254,475,583,432
6687_left.jpg,661,509,326,455
19422_right.jpg,659,412,336,446
43950_left.jpg,584,508,258,480
26396_left.jpg,159,357,473,333
19276_right.jpg,713,390,336,466
7352_left.jpg,98,408,473,466
39199_right.jpg,248,489,561,452
